{ "tracks" : [
      {
         "category" : "Custom tracks",
         "storeClass" : "JBrowse/Store/SeqFeature/BAM",
         "urlTemplate" : "jbrowse_sorted.bam",
         "baiUrlTemplate" : "jbrowse_sorted.bam.bai",
         "hideSecondary" : false,

         "style" : {
            "className" : "feature"
         },
         "label" : "data1.bam",
         "key" : "Target site",
         "type" : "JBrowse/View/Track/Alignments2"
       }



   
   ],
   "formatVersion" : 1,
   "include" : [
      "../../3/trackList.json"
   ]
}